{
  "bert_whitespace_token_limit": 512,
  "dataset_name": "arxiv",
  "hf_path": "ccdv/arxiv-classification",
  "label_field": "label",
  "label_names": [
    "math.AC",
    "cs.CV",
    "cs.AI",
    "cs.SY",
    "math.GR",
    "cs.CE",
    "cs.PL",
    "cs.IT",
    "cs.DS",
    "cs.NE",
    "math.ST"
  ],
  "splits": {
    "combined": {
      "character_lengths": {
        "count": 150,
        "max": 237138,
        "mean": 50442.193333333336,
        "median": 43941.5,
        "min": 5863,
        "p90": 85409.39999999997,
        "p95": 114603.60000000002,
        "p99": 157551.7799999999
      },
      "document_count": 150,
      "documents_above_bert_limit": 150,
      "percent_above_bert_limit": 100.0,
      "whitespace_token_counts": {
        "count": 150,
        "max": 35303,
        "mean": 9437.406666666666,
        "median": 7941.0,
        "min": 1009,
        "p90": 16052.4,
        "p95": 20895.80000000002,
        "p99": 34091.85
      },
      "word_counts": {
        "count": 150,
        "max": 35303,
        "mean": 9437.406666666666,
        "median": 7941.0,
        "min": 1009,
        "p90": 16052.4,
        "p95": 20895.80000000002,
        "p99": 34091.85
      }
    },
    "test": {
      "character_lengths": {
        "count": 50,
        "max": 153228,
        "mean": 46046.62,
        "median": 40398.0,
        "min": 5863,
        "p90": 72659.20000000001,
        "p95": 100603.79999999992,
        "p99": 152958.01
      },
      "document_count": 50,
      "documents_above_bert_limit": 50,
      "percent_above_bert_limit": 100.0,
      "whitespace_token_counts": {
        "count": 50,
        "max": 34207,
        "mean": 8909.08,
        "median": 7137.5,
        "min": 1009,
        "p90": 15381.900000000001,
        "p95": 20540.199999999986,
        "p99": 33750.32
      },
      "word_counts": {
        "count": 50,
        "max": 34207,
        "mean": 8909.08,
        "median": 7137.5,
        "min": 1009,
        "p90": 15381.900000000001,
        "p95": 20540.199999999986,
        "p99": 33750.32
      }
    },
    "train": {
      "character_lengths": {
        "count": 100,
        "max": 237138,
        "mean": 52639.98,
        "median": 46103.0,
        "min": 8318,
        "p90": 93015.89999999995,
        "p95": 115659.34999999999,
        "p99": 162460.32000000039
      },
      "document_count": 100,
      "documents_above_bert_limit": 100,
      "percent_above_bert_limit": 100.0,
      "whitespace_token_counts": {
        "count": 100,
        "max": 35303,
        "mean": 9701.57,
        "median": 8361.0,
        "min": 1543,
        "p90": 16104.399999999996,
        "p95": 19897.799999999996,
        "p99": 33985.310000000005
      },
      "word_counts": {
        "count": 100,
        "max": 35303,
        "mean": 9701.57,
        "median": 8361.0,
        "min": 1543,
        "p90": 16104.399999999996,
        "p95": 19897.799999999996,
        "p99": 33985.310000000005
      }
    }
  },
  "text_field": "text"
}
