{
  "accuracy": 0.725,
  "confusion_matrix": [
    [
      34,
      6,
      4,
      6
    ],
    [
      1,
      43,
      0,
      6
    ],
    [
      4,
      2,
      37,
      7
    ],
    [
      2,
      2,
      15,
      31
    ]
  ],
  "label_names": [
    "World",
    "Sports",
    "Business",
    "Sci/Tech"
  ],
  "labels": [
    0,
    1,
    2,
    3
  ],
  "macro_f1": 0.7250793527776492,
  "per_class_f1": {
    "Business": 0.6981132075471698,
    "Sci/Tech": 0.62,
    "Sports": 0.8349514563106796,
    "World": 0.7472527472527473
  }
}
