{
  "accuracy": 0.788,
  "confusion_matrix": [
    [
      46,
      0,
      0,
      0,
      0,
      0,
      0,
      0,
      0,
      0,
      0
    ],
    [
      0,
      39,
      2,
      1,
      0,
      2,
      0,
      0,
      0,
      1,
      1
    ],
    [
      0,
      2,
      19,
      1,
      0,
      1,
      6,
      0,
      3,
      12,
      2
    ],
    [
      1,
      1,
      2,
      32,
      0,
      2,
      1,
      1,
      2,
      2,
      2
    ],
    [
      2,
      0,
      0,
      0,
      40,
      2,
      1,
      0,
      0,
      0,
      1
    ],
    [
      0,
      0,
      2,
      0,
      1,
      38,
      1,
      1,
      0,
      0,
      2
    ],
    [
      0,
      0,
      0,
      0,
      0,
      1,
      44,
      0,
      0,
      0,
      0
    ],
    [
      0,
      0,
      0,
      3,
      3,
      1,
      0,
      34,
      0,
      1,
      3
    ],
    [
      0,
      0,
      1,
      0,
      0,
      2,
      2,
      2,
      34,
      0,
      4
    ],
    [
      0,
      4,
      5,
      0,
      0,
      3,
      0,
      0,
      2,
      29,
      2
    ],
    [
      0,
      0,
      0,
      1,
      0,
      1,
      0,
      0,
      3,
      1,
      39
    ]
  ],
  "dataset_name": "arxiv",
  "hf_path": "ccdv/arxiv-classification",
  "label_field": "label",
  "label_names": [
    "math.AC",
    "cs.CV",
    "cs.AI",
    "cs.SY",
    "math.GR",
    "cs.CE",
    "cs.PL",
    "cs.IT",
    "cs.DS",
    "cs.NE",
    "math.ST"
  ],
  "labels": [
    0,
    1,
    2,
    3,
    4,
    5,
    6,
    7,
    8,
    9,
    10
  ],
  "macro_f1": 0.7826381277553861,
  "per_class_f1": {
    "cs.AI": 0.4935064935064935,
    "cs.CE": 0.7755102040816326,
    "cs.CV": 0.8478260869565217,
    "cs.DS": 0.7640449438202247,
    "cs.IT": 0.8192771084337349,
    "cs.NE": 0.6373626373626373,
    "cs.PL": 0.88,
    "cs.SY": 0.7619047619047619,
    "math.AC": 0.968421052631579,
    "math.GR": 0.8888888888888888,
    "math.ST": 0.7722772277227723
  },
  "test_size": 500,
  "text_field": "text",
  "train_size": 1000
}
