{
  "accuracy": 0.74,
  "confusion_matrix": [
    [
      93,
      14,
      8,
      10
    ],
    [
      1,
      117,
      0,
      7
    ],
    [
      13,
      3,
      84,
      25
    ],
    [
      3,
      11,
      35,
      76
    ]
  ],
  "dataset_name": "ag_news",
  "hf_path": "fancyzhx/ag_news",
  "label_field": "label",
  "label_names": [
    "World",
    "Sports",
    "Business",
    "Sci/Tech"
  ],
  "labels": [
    0,
    1,
    2,
    3
  ],
  "macro_f1": 0.7375842745819106,
  "per_class_f1": {
    "Business": 0.6666666666666666,
    "Sci/Tech": 0.6255144032921811,
    "Sports": 0.8666666666666667,
    "World": 0.7914893617021277
  },
  "test_size": 500,
  "text_field": "text",
  "train_size": 1000
}
